guid,Provider,Title,Image,Created,Protocol,"Media Source",People,Keywords
image_5_1538585576,scald_image,"Community A Image","[mukurtu:batch_import_temp_directory]\files\private\image\871\a.png","2018-10-03 16:45:00",cultural_protocol_group_50_1538694079,"[mukurtu:batch_import_temp_directory]\files\private\image\871\a.png",,
image_209_1549388638,scald_image,"Blue Circle","[mukurtu:batch_import_temp_directory]\files\private\image\910\blue_circle.jpg","2019-02-05 17:45:00",,"[mukurtu:batch_import_temp_directory]\files\private\image\910\blue_circle.jpg","Person 1",
image_210_1549388795,scald_image,"Blue Circle 2","[mukurtu:batch_import_temp_directory]\files\private\image\911\blue_circle_2.jpg","2019-02-05 17:45:00",,"[mukurtu:batch_import_temp_directory]\files\private\image\911\blue_circle_2.jpg",,
image_211_1549388795,scald_image,"Blue Circle 4","[mukurtu:batch_import_temp_directory]\files\private\image\912\blue_circle_4.jpg","2019-02-05 17:45:00",,"[mukurtu:batch_import_temp_directory]\files\private\image\912\blue_circle_4.jpg",,
image_208_1549305770,scald_image,"Mukurtu Logo","[mukurtu:batch_import_temp_directory]\files\private\image\864\mukurtu_logo.png","2019-02-04 18:45:00",,"[mukurtu:batch_import_temp_directory]\files\private\image\864\mukurtu_logo.png",,logo
