guid,Title,Community,Type,"Original Date",People,Summary,Transcription,"Cultural Narrative",Category,Contributor,Location,"Location Description",Creator,"Original Date Description",Description,Format,Identifier,"Item Sharing Settings",Language,"Licensing Options","Traditional Knowledge Labels","Media Assets",Publisher,Rights,Source,Subject,Keywords,"Traditional Knowledge",Protocol,Username
digital_heritage_333_1549305998,"Digital Heritage - Import/Export Test",community_2_1537376895,"Type field",19720623010101,"Person 1;Person 2","This is the summary field.","Vivamus euismod luctus ex in tincidunt. Maecenas eu nisi ultricies, laoreet sapien eu, consectetur nibh. Maecenas fermentum varius magna, quis vehicula arcu pulvinar nec. Donec et diam venenatis, ornare dui quis, ultrices justo. Curabitur tincidunt blandit velit, id accumsan lorem posuere ac. Vivamus sed quam neque. Fusce pulvinar sodales venenatis. Donec sed mi et justo bibendum pretium vel eget massa. Mauris facilisis pellentesque congue. Phasellus commodo augue et metus mollis, sit amet rhoncus augue volutpat. Pellentesque gravida luctus nibh vehicula elementum.","<p>Lorem ipsum dolor sit amet, consectetur adipiscing elit. Mauris vitae ligula aliquet, mattis lectus sed, dignissim ligula. Aliquam dui metus, blandit sed arcu non, volutpat auctor justo. Aenean iaculis pretium turpis convallis porta. Phasellus vel nibh bibendum, vehicula felis et, dignissim nisl. Donec ut egestas quam, eget tincidunt lacus. Donec ultrices quis augue ultricies cursus. Etiam aliquet lorem in nisi imperdiet, in accumsan nunc lacinia. Sed elementum placerat nunc, a viverra dui vulputate ut. Aenean vitae erat eu dolor hendrerit vulputate. Donec pellentesque nisl ac tincidunt condimentum. Donec eget pretium lorem, sed elementum nulla. Mauris ut dictum elit. Proin mattis sed ligula id facilisis.</p>
","Events and Gatherings;Military and Veterans","Contributor 1;Contributor 2;Contributor 3","POINT (-117.000168 46.732388)","<p>Aenean pretium augue arcu, ac maximus velit feugiat ut. Sed at diam vestibulum, consectetur lacus sit amet, lobortis leo. Vivamus non ligula quis felis convallis tempus. Morbi eu lorem lobortis, eleifend lorem vitae, rutrum metus. Etiam nec venenatis odio. Maecenas rutrum felis ac orci scelerisque, quis sagittis nibh bibendum. In id imperdiet enim. Integer lacinia risus nec feugiat molestie. Morbi tincidunt consectetur lorem, sit amet commodo justo.</p>
","Creator 1;Creator 2;Creator 3","Original Date Description Field","<p>Duis tincidunt urna vel sapien faucibus, vitae consequat tortor iaculis. Aliquam felis metus, convallis eu volutpat sagittis, porttitor vitae nibh. Proin eleifend nisl vitae eros fermentum efficitur. In ipsum nulla, mollis non mi nec, rhoncus sodales ligula. Pellentesque fringilla, diam eget sodales hendrerit, urna lacus iaculis mi, nec consequat ante purus vel est. Aliquam erat volutpat. Duis sollicitudin urna vitae ipsum dictum, ac semper eros malesuada. Quisque eget nibh ut nisi consectetur maximus. In placerat diam urna, a placerat urna finibus in. Nunc nisi felis, suscipit ac ex eu, euismod varius erat. Phasellus gravida rhoncus bibendum. Integer tincidunt nec est condimentum sollicitudin.</p>
","Format field","Identifier field",all,"Language field",http://creativecommons.org/licenses/by-nc-sa/4.0,http://localcontexts.org/tk/a/1.0;http://localcontexts.org/tk/c/1.0;http://localcontexts.org/tk/mc/1.0;http://localcontexts.org/tk/co/1.0,image_208_1549305770,"Publisher 1","Rights field","Source field","Subject 1;Subject 2","Keyword 1;Keyword 2;Keyword 3","<p>Proin accumsan sagittis eleifend. Aliquam eget sodales massa, vitae vulputate ex. Praesent sed justo elementum, varius justo id, rutrum ex. Interdum et malesuada fames ac ante ipsum primis in faucibus. Aliquam vitae interdum quam. Duis sed convallis lacus. Morbi tempor elit vehicula molestie maximus. Vestibulum sed libero at enim tincidunt vestibulum. Sed aliquet ante tellus. Nulla consequat molestie ligula vel aliquam. Donec efficitur eget neque quis finibus. Aliquam erat volutpat. Fusce ac ante venenatis, dignissim sem lacinia, elementum urna. Cras placerat massa eget leo porttitor, vel ultricies elit luctus. Praesent nunc arcu, aliquam sed diam viverra, molestie mattis velit.</p>
",cultural_protocol_group_50_1538694079,admin
