guid,"Left Media","Right Media","Section Body","Section Title","Host Entity"
text_section_9,image_210_1549388795,image_211_1549388795,"<p>Lorem ipsum dolor sit amet, consectetur adipiscing elit. Mauris vitae ligula aliquet, mattis lectus sed, dignissim ligula. Aliquam dui metus, blandit sed arcu non, volutpat auctor justo. Aenean iaculis pretium turpis convallis porta. Phasellus vel nibh bibendum, vehicula felis et, dignissim nisl. Donec ut egestas quam, eget tincidunt lacus. Donec ultrices quis augue ultricies cursus. Etiam aliquet lorem in nisi imperdiet, in accumsan nunc lacinia. Sed elementum placerat nunc, a viverra dui vulputate ut. Aenean vitae erat eu dolor hendrerit vulputate. Donec pellentesque nisl ac tincidunt condimentum. Donec eget pretium lorem, sed elementum nulla. Mauris ut dictum elit. Proin mattis sed ligula id facilisis.</p>

<p>Blue circle here:</p>

<div class=""dnd-atom-wrapper"" data-scald-align=""none"" data-scald-context=""sdl_editor_representation"" data-scald-options="""" data-scald-sid=""209"" data-scald-type=""image"">
<div class=""dnd-caption-wrapper"">
<div class=""meta""><!--copyright=209-->Blue Circle, by <a data-cke-saved-href=""/users/admin"" href=""/users/admin"">admin</a><!--END copyright=209--></div>
</div>
</div>

<p>&nbsp;</p>

<p>Proin accumsan sagittis eleifend. Aliquam eget sodales massa, vitae vulputate ex. Praesent sed justo elementum, varius justo id, rutrum ex. Interdum et malesuada fames ac ante ipsum primis in faucibus. Aliquam vitae interdum quam. Duis sed convallis lacus. Morbi tempor elit vehicula molestie maximus. Vestibulum sed libero at enim tincidunt vestibulum. Sed aliquet ante tellus. Nulla consequat molestie ligula vel aliquam. Donec efficitur eget neque quis finibus. Aliquam erat volutpat. Fusce ac ante venenatis, dignissim sem lacinia, elementum urna. Cras placerat massa eget leo porttitor, vel ultricies elit luctus. Praesent nunc arcu, aliquam sed diam viverra, molestie mattis velit.</p>
","Section 1",person_335_1549388848
