Name,Community Affiliations,Cultural Protocols,Active,Created date,E-mail,Language,Last access,Last login,Picture,Roles,Signature,Uid
Community Member,Demo Community,Unclassified,Yes,05/11/2012 - 00:01,chacha+community@mukurtu.org,,,,,,,159
Debby Demo,"Circle, Square, Triangle","Red, Blue",Yes,05/10/2012 - 11:55,chacha+Debby@mukurtu.org,,,,,,,150
Chris Demo,"Circle, Square, Triangle",Green,Yes,05/10/2012 - 11:55,chacha+Chris@mukurtu.org,,05/14/2012 - 19:10,05/14/2012 - 19:10,,,,151
Beryl Demo,"Triangle, Circle",Blue,Yes,05/10/2012 - 11:55,chacha+Beryl@mukurtu.org,,05/14/2012 - 22:15,05/14/2012 - 19:10,,,,152
Alberto Demo,"Square, Circle",Red,Yes,05/10/2012 - 11:55,chacha+Alberto@mukurtu.org,,05/10/2012 - 20:30,05/10/2012 - 20:30,,,,153
Gordon Demo,Circle,Green,Yes,05/10/2012 - 11:54,chacha+Gordon@mukurtu.org,,05/14/2012 - 12:20,05/14/2012 - 12:20,,,,147
Florence Demo,"Circle, Triangle","Red, Blue, Green",Yes,05/10/2012 - 11:54,chacha+Florence@mukurtu.org,,,,,,,148
Ernesto Demo,"Circle, Square","Blue, Green",Yes,05/10/2012 - 11:54,chacha+Ernesto@mukurtu.org,,05/10/2012 - 20:31,05/10/2012 - 20:31,,,,149
